insert into Users (UserID, Username, FirstName, LastName, DateOfBirth, Password, DateAdded) values (1, 'amagrane0', 'Antony', 'Magrane', '2008-07-21', 'pK3?Ol|z', '2024-01-03 04:47:56');
insert into Users (UserID, Username, FirstName, LastName, DateOfBirth, Password, DateAdded) values (2, 'rnorthill1', 'Rosella', 'Northill', '2007-05-27', 'dM8!B3I$P<', '2023-10-31 21:53:30');
insert into Users (UserID, Username, FirstName, LastName, DateOfBirth, Password, DateAdded) values (3, 'gdezamora2', 'Gabie', 'de Zamora', '2001-06-06', 'gH5<?)g&?6D', '2024-01-27 06:38:16');
insert into Users (UserID, Username, FirstName, LastName, DateOfBirth, Password, DateAdded) values (4, 'cyerbury3', 'Cosette', 'Yerbury', '2007-01-18', 'gI5,vGf5JD', '2024-08-27 04:07:06');
insert into Users (UserID, Username, FirstName, LastName, DateOfBirth, Password, DateAdded) values (5, 'egoor4', 'Ebeneser', 'Goor', '2004-03-07', 'cA0''#l6@', '2023-12-07 04:43:56');
insert into Users (UserID, Username, FirstName, LastName, DateOfBirth, Password, DateAdded) values (6, 'ahilbourne5', 'Ariella', 'Hilbourne', '2001-09-08', 'jG1''s*p5L/', '2024-05-24 10:08:29');
insert into Users (UserID, Username, FirstName, LastName, DateOfBirth, Password, DateAdded) values (7, 'smaylam6', 'Stewart', 'Maylam', '2002-08-29', 'cI1,ghYNMjcOR/B', '2023-11-30 04:38:04');
insert into Users (UserID, Username, FirstName, LastName, DateOfBirth, Password, DateAdded) values (8, 'abasindale7', 'Angelita', 'Basindale', '2004-05-03', 'oK2,6PxS9p0', '2023-09-24 11:49:09');
insert into Users (UserID, Username, FirstName, LastName, DateOfBirth, Password, DateAdded) values (9, 'kmalbon8', 'Karlan', 'Malbon', '2004-02-20', 'zZ0!a_r2yKhCB''C', '2023-09-23 20:47:42');
insert into Users (UserID, Username, FirstName, LastName, DateOfBirth, Password, DateAdded) values (10, 'wbrient9', 'Winfield', 'Brient', '2001-04-11', 'kL8.vs9~BPTcGD''L', '2023-09-08 10:37:41');
insert into Friends (FriendID, FriendWhoAdded, FriendBeingAdded, IsAccepted, DateAdded) values (1, 8, 6, true, '2023-10-16 05:33:44');
insert into Friends (FriendID, FriendWhoAdded, FriendBeingAdded, IsAccepted, DateAdded) values (2, 3, 8, true, '2024-05-26 02:00:51');
insert into Friends (FriendID, FriendWhoAdded, FriendBeingAdded, IsAccepted, DateAdded) values (3, 10, 6, true, '2024-03-25 06:20:57');
insert into Friends (FriendID, FriendWhoAdded, FriendBeingAdded, IsAccepted, DateAdded) values (4, 3, 6, true, '2023-11-06 09:31:38');
insert into Friends (FriendID, FriendWhoAdded, FriendBeingAdded, IsAccepted, DateAdded) values (5, 2, 4, false, '2024-08-09 11:51:22');
insert into Friends (FriendID, FriendWhoAdded, FriendBeingAdded, IsAccepted, DateAdded) values (6, 5, 8, false, '2023-11-21 23:48:00');
insert into Friends (FriendID, FriendWhoAdded, FriendBeingAdded, IsAccepted, DateAdded) values (7, 1, 1, false, '2024-03-28 17:48:01');
insert into Friends (FriendID, FriendWhoAdded, FriendBeingAdded, IsAccepted, DateAdded) values (8, 3, 8, true, '2024-01-25 14:41:41');
insert into Friends (FriendID, FriendWhoAdded, FriendBeingAdded, IsAccepted, DateAdded) values (9, 1, 10, false, '2023-12-18 21:34:10');
insert into Friends (FriendID, FriendWhoAdded, FriendBeingAdded, IsAccepted, DateAdded) values (10, 10, 10, true, '2024-01-05 23:05:52');
insert into Groups (GroupID, GroupName, CreatedBy, DateAdded) values (1, 'Romaguera-Konopelski', 2, '2024-08-16 21:16:54');
insert into Groups (GroupID, GroupName, CreatedBy, DateAdded) values (2, 'Raynor and Sons', 5, '2024-05-07 07:52:28');
insert into Groups (GroupID, GroupName, CreatedBy, DateAdded) values (3, 'Lynch, Satterfield and Bailey', 6, '2024-08-31 07:22:12');
insert into Groups (GroupID, GroupName, CreatedBy, DateAdded) values (4, 'Hane Group', 2, '2023-11-20 20:26:57');
insert into Groups (GroupID, GroupName, CreatedBy, DateAdded) values (5, 'Cronin, Stanton and Hammes', 3, '2023-10-11 16:49:34');
insert into Groups (GroupID, GroupName, CreatedBy, DateAdded) values (6, 'Abernathy LLC', 4, '2024-02-10 01:01:55');
insert into Groups (GroupID, GroupName, CreatedBy, DateAdded) values (7, 'Bosco, Schuster and Wilkinson', 2, '2024-03-14 21:25:51');
insert into Groups (GroupID, GroupName, CreatedBy, DateAdded) values (8, 'Sawayn Group', 1, '2023-12-08 05:22:14');
insert into Groups (GroupID, GroupName, CreatedBy, DateAdded) values (9, 'Mitchell, Von and Wunsch', 3, '2023-11-26 08:05:19');
insert into Groups (GroupID, GroupName, CreatedBy, DateAdded) values (10, 'Paucek Inc', 2, '2024-03-28 22:58:03');
insert into Posts (PostID, PostDescription, PostedBy, IsPublic, IsOnlyForFriends, GroupID, DatePosted) values (1, 'Supplement Left Lacrimal Duct with Synth Sub, Via Opening', 7, true, true, 2, '2024-04-30 22:28:47');
insert into Posts (PostID, PostDescription, PostedBy, IsPublic, IsOnlyForFriends, GroupID, DatePosted) values (2, 'Revision of Extraluminal Device in Urethra, Open Approach', 6, false, false, 3, '2023-09-07 20:51:50');
insert into Posts (PostID, PostDescription, PostedBy, IsPublic, IsOnlyForFriends, GroupID, DatePosted) values (3, 'Fluoroscopy of Epidural Veins using H Osm Contrast, Guidance', 4, true, false, 7, '2024-05-17 12:35:43');
insert into Posts (PostID, PostDescription, PostedBy, IsPublic, IsOnlyForFriends, GroupID, DatePosted) values (4, 'Repair Phrenic Nerve, Open Approach', 2, false, true, 8, '2023-09-10 05:58:00');
insert into Posts (PostID, PostDescription, PostedBy, IsPublic, IsOnlyForFriends, GroupID, DatePosted) values (5, 'Inspection of Testis, Percutaneous Endoscopic Approach', 6, false, true, 1, '2024-07-18 05:20:48');
insert into Posts (PostID, PostDescription, PostedBy, IsPublic, IsOnlyForFriends, GroupID, DatePosted) values (6, 'Extirpation of Matter from Right Trunk Muscle, Perc Approach', 1, true, false, 5, '2024-09-01 11:39:42');
insert into Posts (PostID, PostDescription, PostedBy, IsPublic, IsOnlyForFriends, GroupID, DatePosted) values (7, 'Excision of Gastric Vein, Percutaneous Endoscopic Approach', 2, true, false, 10, '2024-06-29 21:02:08');
insert into Posts (PostID, PostDescription, PostedBy, IsPublic, IsOnlyForFriends, GroupID, DatePosted) values (8, 'Repair Left Thumb Phalanx, Open Approach', 2, true, false, 3, '2024-01-23 23:37:31');
insert into Posts (PostID, PostDescription, PostedBy, IsPublic, IsOnlyForFriends, GroupID, DatePosted) values (9, 'Dilation of R Popl Art with Intralum Dev, Perc Endo Approach', 3, true, true, 2, '2024-01-07 15:34:25');
insert into Posts (PostID, PostDescription, PostedBy, IsPublic, IsOnlyForFriends, GroupID, DatePosted) values (10, 'Revision of Synth Sub in Coccygeal Jt, Perc Approach', 4, true, false, 6, '2023-12-27 16:42:46');
insert into GroupMembershipRequests (GroupMemberShipRequestsID, GroupID, GroupMemberUserID, IsGroupMemberShipAccepted, DateAccepted) values (1, 6, 1, true, '2024-05-29 04:36:20');
insert into GroupMembershipRequests (GroupMemberShipRequestsID, GroupID, GroupMemberUserID, IsGroupMemberShipAccepted, DateAccepted) values (2, 3, 4, false, '2023-11-20 21:32:57');
insert into GroupMembershipRequests (GroupMemberShipRequestsID, GroupID, GroupMemberUserID, IsGroupMemberShipAccepted, DateAccepted) values (3, 1, 7, true, '2024-06-08 08:14:05');
insert into GroupMembershipRequests (GroupMemberShipRequestsID, GroupID, GroupMemberUserID, IsGroupMemberShipAccepted, DateAccepted) values (4, 8, 7, false, '2023-12-19 12:25:58');
insert into GroupMembershipRequests (GroupMemberShipRequestsID, GroupID, GroupMemberUserID, IsGroupMemberShipAccepted, DateAccepted) values (5, 6, 1, false, '2024-06-02 16:36:22');
insert into GroupMembershipRequests (GroupMemberShipRequestsID, GroupID, GroupMemberUserID, IsGroupMemberShipAccepted, DateAccepted) values (6, 3, 2, true, '2024-06-05 14:23:58');
insert into GroupMembershipRequests (GroupMemberShipRequestsID, GroupID, GroupMemberUserID, IsGroupMemberShipAccepted, DateAccepted) values (7, 5, 4, false, '2024-01-26 00:32:38');
insert into GroupMembershipRequests (GroupMemberShipRequestsID, GroupID, GroupMemberUserID, IsGroupMemberShipAccepted, DateAccepted) values (8, 4, 2, true, '2024-04-08 04:47:24');
insert into GroupMembershipRequests (GroupMemberShipRequestsID, GroupID, GroupMemberUserID, IsGroupMemberShipAccepted, DateAccepted) values (9, 2, 7, false, '2024-03-31 08:07:59');
insert into GroupMembershipRequests (GroupMemberShipRequestsID, GroupID, GroupMemberUserID, IsGroupMemberShipAccepted, DateAccepted) values (10, 5, 5, true, '2023-11-26 13:50:37');
